book_title,rating,num_ratings,num_reviews,score,rating_id
"Rubinrot (Edelstein-Trilogie, #1)",4.13,160292,12815,11327,0
The Exorcist,4.2,245723,9926,23183,1
Othello,3.89,405268,11320,53478,2
The Curious Incident of the Dog in the Night-Time,3.89,1515949,57565,154346,3
The Secret Life of Bees,4.09,1313418,36650,189016,4
The Night Circus,4.01,1017611,108639,91906,5
It Ends with Us (It Ends with Us #1),4.14,3919079,282915,35225,6
Roots: The Saga of an American Family,4.44,161335,4335,53626,7
Peter Pan,4.04,355286,16905,123106,8
Shantaram,4.27,223667,17355,24394,9
The Jungle Books,4.01,88019,1365,10768,10
What Lies in the Woods,3.96,152299,16585,20058,11
"Guilty Pleasures (Anita Blake, Vampire Hunter, #1)",4.02,150302,6607,8869,12
"The Hero of Ages (Mistborn, #3)",4.54,470592,34993,12389,13
"The Secret (The Secret, #1)",3.73,495681,16391,14906,14
"The Scorch Trials (The Maze Runner, #2)",3.9,601828,31400,15057,15
Looking for Alaska,3.96,1652786,78076,161412,16
We,3.89,101335,7928,8873,17
"Into the Wild (Warriors, #1)",4.31,110162,9519,14327,18
The Scarlet Pimpernel,4.07,137507,8026,26376,19
The Last Song,4.16,561082,13411,30085,20
The Chain Between Worlds (The Lost Artefacts #1),4.46,1390,83,75711,21
"The Girl in the Eagle's Talons (Millennium, #7)",3.43,15647,1732,12141,22
"Good Girl, Bad Blood (A Good Girl's Guide to Murder, #2)",4.29,602600,65470,10604,23
Far From the Madding Crowd,3.96,157517,8717,18327,24
"A Discovery of Witches (All Souls, #1)",4.02,514339,47053,19796,25
"The 5th Wave (The 5th Wave, #1)",4.01,465445,32016,21599,26
Different Seasons,4.35,210518,6672,49863,27
The Lorax,4.35,351583,5178,103356,28
The Kite Runner,4.35,3249750,102581,597865,29
"Cannery Row (Cannery Row, #1)",4.06,142926,8111,18027,30
"The Angel Experiment (Maximum Ride, #1)",4.07,227606,10157,25610,31
We Were Liars,3.66,1203570,116421,25793,32
"The Other Boleyn Girl (The Plantagenet and Tudor Novels, #9)",4.08,503385,18053,69236,33
"The Lion, the Witch and the Wardrobe (Chronicles of Narnia, #1)",4.24,2894774,35456,153937,34
"Wonder (Wonder, #1)",4.37,1122514,77375,49869,35
One Day,3.85,375511,26266,10863,36
"Prodigy (Legend, #2)",4.23,269579,19956,12000,37
"The Wonderful Wizard of Oz (Oz, #1)",4.0,468200,18118,105190,38
Victor's Blessing,4.34,6408,52,8870,39
"The Sisterhood of the Traveling Pants (Sisterhood, #1)",3.84,715993,8890,12514,40
Candide,3.76,283908,12261,47642,41
The Complete Sherlock Holmes,4.5,210018,5203,53544,42
Jane Eyre,4.15,2157462,69214,1079080,43
"The Golden Compass (His Dark Materials, #1)",4.03,1556218,28587,317147,44
I'll Give You the Sun,4.16,343837,32593,17380,45
The Namesake,4.02,274853,15476,10310,46
"Fire (Graceling Realm, #2)",4.1,189419,12362,10406,47
"The Alienist (Dr. Laszlo Kreizler, #1)",4.06,176351,8795,11764,48
Snow Crash,4.02,286261,12718,18764,49
Speak,4.05,606097,32145,56721,50
Big Little Lies,4.31,1041699,56480,13336,51
"Du côté de chez Swann (À la recherche du temps perdu, #1)",4.15,63109,5802,16756,52
Carrie,3.99,762372,27896,27770,53
The Prince,3.84,350824,13755,28108,54
For Whom the Bell Tolls,3.98,301048,9556,55153,55
His Dark Materials (His Dark Materials #1-3),4.29,164061,5790,74523,56
"Lover Eternal (Black Dagger Brotherhood, #2)",4.32,195803,7823,14638,57
"The Fiery Cross (Outlander, #5)",4.26,216443,9013,13061,58
Daisy Jones & The Six,4.2,1623355,189575,17117,59
"If I Stay (If I Stay, #1)",3.92,929210,42230,36396,60
"The Adventures of Sherlock Holmes (Sherlock Holmes, #3)",4.3,309666,9895,432290,61
"City of Bones (The Mortal Instruments, #1)",4.07,2052324,77889,841855,62
Mystic River,4.17,149339,5321,17552,63
"You (You, #1)",3.96,259741,26273,9394,64
Interpreter of Maladies,4.17,197996,14528,15340,65
"A Wizard of Earthsea (Earthsea Cycle, #1)",4.01,330627,17094,15464,66
A Connecticut Yankee in King Arthur's Court,3.77,104966,4082,8969,67
Tales of Old: Greek Mythology: Volume 1,4.36,254,17,11686,68
The Historian,3.8,269627,18693,48286,69
The Alchemist,3.91,3209755,128196,923112,70
"Pandemonium (Delirium, #2)",4.03,241785,15771,8716,71
Naked Lunch,3.46,93788,5153,10588,72
Miracle,4.59,290,40,15678,73
The Witches,4.18,406885,10817,37577,74
Eleanor & Park,3.94,1202015,79132,38613,75
"Aristotle and Dante Discover the Secrets of the Universe (Aristotle and Dante, #1)",4.3,631183,74975,38681,76
The Graveyard Book,4.16,552465,41200,40877,77
Jude the Obscure,3.83,73191,4427,10562,78
Grimm's Fairy Tales,4.24,213730,5695,13180,79
"Allegiant (Divergent, #3)",3.6,1084376,72279,36872,80
"The Lightning Thief (Percy Jackson and the Olympians, #1)",4.31,3161580,108649,1114539,81
"Odd Thomas (Odd Thomas, #1)",3.99,271579,8639,12097,82
Pretty Girls,4.03,505792,48715,12431,83
The Memory Keeper's Daughter,3.7,604743,20873,13748,84
The Adventures of Tom Sawyer,3.92,960800,14545,158838,85
A Thousand Splendid Suns,4.44,1593442,81508,722531,86
Freakonomics: A Rogue Economist Explores the Hidden Side of Everything,4.01,865854,19642,12058,87
War and Peace,4.16,339767,18281,36927,88
"Think Twice (Myron Bolitar, #12)",4.31,28822,2326,14406,89
The Firm,4.06,631245,3962,30304,90
Room,4.08,815239,51259,31161,91
The Haunting of Hill House,3.82,331972,32370,100895,92
"Club Dead (Sookie Stackhouse, #3)",4.02,240190,6219,11021,93
The History of Love,3.92,137536,12491,13669,94
House of Leaves,4.09,179343,18713,14780,95
The Twilight Collection,3.81,46807,1164,21970,96
"Zen and the Art of Motorcycle Maintenance: An Inquiry Into Values (Phaedrus, #1)",3.78,235196,11056,30636,97
"Delirium (Delirium, #1)",3.95,471620,29002,51591,98
Educated,4.47,1629670,116074,12158,99
"Winter (The Lunar Chronicles, #4)",4.42,290996,32774,9760,100
"The Edge of Never (The Edge of Never, #1)",4.22,149361,11485,10793,101
The Hunchback of Notre-Dame,4.02,206373,7928,32837,102
White Fang,4.02,194955,6639,36895,103
"Howl’s Moving Castle (Howl’s Moving Castle, #1)",4.29,386642,33180,69484,104
"Clockwork Prince (The Infernal Devices, #2)",4.42,564323,32347,73592,105
"Outlander (Outlander, #1)",4.26,1089549,55548,396793,106
Tuck Everlasting,3.9,281143,12312,35195,107
"The Unbecoming of Mara Dyer (Mara Dyer, #1)",4.02,186731,19834,16950,108
Number the Stars,4.19,584393,17111,38641,109
Goodnight Moon,4.31,380847,7324,102449,110
The Fault in Our Stars,4.13,5327358,182102,1354831,111
The Complete Stories and Poems,4.4,281040,3357,305232,112
"It Ain't Me, Babe (Hades Hangmen, #1)",4.05,54719,5838,12439,113
"The Goose Girl (The Books of Bayern, #1)",4.14,145259,11157,16386,114
"Wizard's First Rule (Sword of Truth, #1)",4.12,249029,7649,18744,115
"Brisingr (The Inheritance Cycle, #3)",4.1,388683,11340,32411,116
"Lamb: The Gospel According to Biff, Christ’s Childhood Pal",4.23,176573,13256,47548,117
"Charlie and the Chocolate Factory (Charlie Bucket, #1)",4.16,874154,17240,158909,118
The Things They Carried,4.14,324331,19694,51428,119
A Walk in the Woods: Rediscovering America on the Appalachian Trail,4.06,419866,22823,9458,120
The Complete Poems of Emily Dickinson,4.28,100956,1643,20066,121
"Night  (The Night Trilogy, #1)",4.38,1280794,39153,22578,122
Pride and Prejudice,4.29,4399779,123410,2784124,123
"Halfway to the Grave (Night Huntress, #1)",4.13,160437,8756,17408,124
The Once and Future King,4.07,114332,5417,48913,125
The Phantom Tollbooth,4.2,293615,13842,90187,126
"Wizard and Glass (The Dark Tower, #4)",4.26,205935,8371,8895,127
Ask for Andrea,4.1,124828,10808,15016,128
"Cry, the Beloved Country",3.92,76186,4956,18102,129
"Fourth Wing (The Empyrean, #1)",4.57,2122464,264459,26113,130
"Gone (Gone, #1)",3.86,204697,12510,13366,131
We Need to Talk About Kevin,4.08,200659,17762,15774,132
The Age of Innocence,3.97,180991,11118,23166,133
Under the Dome,3.92,307794,17676,12118,134
Before I Go to Sleep,3.9,346928,25503,13508,135
"Voyager (Outlander, #3)",4.39,316505,13218,21918,136
The Trial,3.95,347177,16718,71303,137
The Silent Patient,4.18,2533997,221839,17350,138
The Very Secret Society of Irregular Witches,4.09,226325,36717,12365,139
"The Lost Symbol (Robert Langdon, #3)",3.75,622045,30258,23340,140
Fangirl,3.95,759424,59298,43374,141
"The Son of Neptune (The Heroes of Olympus, #2)",4.41,619348,26447,47297,142
Middlesex,4.03,647981,26935,161115,143
The Girl on the Train,3.96,3052742,130079,22518,144
Dear John,4.04,605768,13014,30480,145
The Hiding Place: The Triumphant True Story of Corrie Ten Boom,4.47,334365,14372,61880,146
On Earth We're Briefly Gorgeous,4.04,331251,45460,8964,147
"Bared to You (Crossfire, #1)",4.14,535957,21830,18269,148
"Things Fall Apart (The African Trilogy, #1)",3.74,384857,20870,39434,149
"Oryx and Crake (MaddAddam, #1)",4.01,273800,17224,13824,150
Coraline,4.12,728669,40234,30707,151
Sophie’s World,3.96,266503,15650,42433,152
She’s Come Undone,3.91,351489,11536,57635,153
Sapiens: A Brief History of Humankind,4.35,1098315,56094,16382,154
The Woman in White,4.01,158082,10339,20282,155
"Dark Lover (Black Dagger Brotherhood, #1)",4.16,341986,16047,33083,156
"The Hunger Games Trilogy Boxset (The Hunger Games, #1-3)",4.49,225684,7543,98279,157
The Five People You Meet in Heaven,4.0,743313,30343,133778,158
The Catcher in the Rye,3.8,3636431,90095,756775,159
"Glass Houses (The Morganville Vampires, #1)",3.92,102073,5354,11015,160
Seabiscuit: An American Legend,4.23,164825,5164,13901,161
Kafka on the Shore,4.13,495200,40649,54491,162
The Shack: Where Tragedy Confronts Eternity,3.83,663250,36117,55597,163
"Crank (Crank, #1)",4.16,149221,9533,8950,164
Never Lie,4.09,845959,69989,11652,165
"Acheron (Dark-Hunter, #14)",4.56,60545,3942,16303,166
Snow Flower and the Secret Fan,4.09,377389,20182,25943,167
Infinite Jest,4.25,94834,11702,27458,168
"The One (The Selection, #3)",4.15,719203,46439,28128,169
Travels with Charley: In Search of America,4.08,98760,7707,8890,170
Meditations,4.28,275655,15882,10528,171
Of Human Bondage,4.15,58550,4241,19443,172
Jonathan Livingston Seagull,3.86,258379,11500,86663,173
"The Maze Runner (The Maze Runner, #1)",4.05,1576271,67360,106196,174
"Little House in the Big Woods (Little House, #1)",4.21,274816,8225,17399,175
"Lover Avenged (Black Dagger Brotherhood, #7)",4.36,117191,4403,10636,176
Twelfth Night,3.96,188151,6403,16996,177
Matilda,4.33,1001123,24409,470722,178
Howl and Other Poems,4.13,114105,3044,11714,179
"Lover Unbound (Black Dagger Brotherhood, #5)",4.31,136742,5551,12546,180
"Obsidian (Lux, #1)",4.14,287630,21265,31886,181
Fried Green Tomatoes at the Whistle Stop Cafe,4.28,313706,10693,42544,182
"A Court of Mist and Fury (A Court of Thorns and Roses, #2)",4.65,2391016,202538,98715,183
"Shadow Kiss (Vampire Academy, #3)",4.33,371724,13597,108366,184
Animal Farm,3.99,4062434,104481,1591979,185
Around the World in Eighty Days,3.94,258626,11987,11172,186
"Blood Meridian, or, the Evening Redness in the West",4.16,180593,18555,29728,187
Blindness,4.17,304557,25473,62245,188
Fahrenheit 451,3.96,2529727,78695,249219,189
The Pact,4.03,315398,11934,8742,190
"The Hunt for Red October (Jack Ryan, #3)",4.11,379390,4277,9925,191
I Am the Messenger,4.03,164121,16420,10125,192
Hamlet,4.02,983745,24150,43328,193
Catch-22,3.99,846033,24589,443172,194
The Lost Artefacts - The Complete Collection,4.6,201,11,10492,195
Swan Song,4.29,70655,5166,11261,196
Prodigal Summer,4.04,118820,8075,11869,197
العصبي,4.61,2779,363,19452,198
"The Hound of the Baskervilles (Sherlock Holmes, #5)",4.13,358880,13121,42062,199
Heidi,4.03,203722,6591,46816,200
A Midsummer Night’s Dream,3.94,552689,13528,98958,201
A Little Life,4.32,730418,119003,34178,202
On Writing: A Memoir of the Craft,4.34,297417,24685,13445,203
The Night Before Christmas,4.39,123965,2905,13720,204
"Mockingjay (The Hunger Games, #3)",4.1,3357438,134609,62978,205
"Spirit Bound (Vampire Academy, #5)",4.32,299644,10347,62990,206
Charlotte’s Web,4.2,1904386,24855,795867,207
The Iliad,3.91,470680,13298,12380,208
Battle Royale,4.26,79009,8522,13733,209
Misery,4.23,768065,29622,81001,210
The Story of Edgar Sawtelle,3.65,101555,14490,8702,211
"The Mysterious Benedict Society (The Mysterious Benedict Society, #1)",4.2,166102,13974,8675,212
A Christmas Carol,4.08,854312,32541,22387,213
"Dead Until Dark (Sookie Stackhouse, #1)",3.97,548488,20655,39121,214
"Are You There God? It’s Me, Margaret",3.94,245776,12604,44894,215
A Light in the Attic,4.36,457317,3522,64063,216
Lord of the Flies,3.7,2991756,59220,905864,217
Lock Every Door,3.9,240113,28927,9231,218
Jonathan Strange & Mr Norrell,3.86,242019,19183,26428,219
"The Host (The Host, #1)",3.86,1022288,44409,26376,220
Tao Te Ching,4.3,163848,7808,33301,221
Ulysses,3.76,131057,9899,84743,222
Tuesdays with Morrie,4.18,1074202,43278,151280,223
Song of Solomon,4.14,117472,6858,11014,224
"P.S. I Love You (P.S. I Love You, #1)",4.03,386609,9978,15346,225
"Heartstopper: Volume One (Heartstopper, #1)",4.45,781777,77507,15770,226
The Origin of Species,4.01,116879,3255,28394,227
Like Water for Chocolate,3.95,374032,14409,29415,228
"Beautiful Creatures (Caster Chronicles, #1)",3.77,607774,23249,32694,229
"The da Vinci Code (Robert Langdon, #2)",3.92,2405541,56246,995482,230
"A Breath of Snow and Ashes (Outlander, #6)",4.44,182752,7083,12972,231
I Capture the Castle,3.99,108134,11170,16500,232
Ugly Love,4.03,2020630,135219,19727,233
Fahrenheit 451,3.96,2529727,78695,767296,234
All the King's Men,4.09,64490,3369,14739,235
The Fountainhead,3.89,327885,14606,8913,236
The Book of Mormon: Another Testament of Jesus Christ,4.23,87667,6638,11746,237
"Storm Front (The Dresden Files, #1)",3.97,360828,21166,12712,238
The Club,3.29,113087,8567,15163,239
"The Last Olympian (Percy Jackson and the Olympians, #5)",4.55,1055788,45295,160254,240
Of Mice and Men,3.89,2629814,56457,780861,241
To Kill a Mockingbird,4.26,6363699,121889,2476407,242
"The Girl Who Kicked the Hornet’s Nest (Millennium, #3)",4.24,749197,31899,52115,243
Twenty Years Later,4.21,127624,9029,11651,244
North and South,4.15,174110,10653,19722,245
"Crown of Midnight (Throne of Glass, #2)",4.35,1265664,95141,28641,246
"Heir of Fire (Throne of Glass, #3)",4.46,1108705,83673,33010,247
"A Game of Thrones (A Song of Ice and Fire, #1)",4.44,2569874,66533,684525,248
Les Misérables,4.21,811751,23559,932748,249
The Maltese Falcon,3.87,109858,6852,9475,250
The Hours,3.95,144038,6815,16155,251
"The Last Unicorn (The Last Unicorn, #1)",4.16,114593,6914,16426,252
"A Clash of Kings  (A Song of Ice and Fire, #2)",4.42,964774,29130,60641,253
"Harry Potter and the Half-Blood Prince (Harry Potter, #6)",4.58,3396271,61520,240950,254
"The Millennium Trilogy (Millennium Trilogy, #1-3)",4.47,56270,1936,9348,255
انتحار فاشل,4.56,3177,422,19843,256
"Neuromancer (Sprawl, #1)",3.89,338451,15139,23838,257
Keep It in the Family,4.09,118495,10482,11531,258
The Hotel New Hampshire,3.93,66660,2179,9307,259
Tender Is the Night,3.78,140746,7313,9844,260
The Blind Assassin,3.96,158325,9811,12525,261
"1Q84 (1Q84, #1-3)",3.95,321717,25316,15101,262
"The Two Towers (The Lord of the Rings, #2)",4.49,1016377,21419,20093,263
The Art of Racing in the Rain,4.23,531817,45050,38100,264
Paradise Lost,3.85,170615,6181,47482,265
"Neverwhere (London Below, #1)",4.17,544705,30603,52221,266
"Death on the Nile (Hercule Poirot, #18)",4.12,274731,18878,12149,267
"The Big Sleep (Philip Marlowe, #1)",3.95,159698,8258,11497,268
"The Elite (The Selection, #2)",3.94,807247,47689,20681,269
"The Mists of Avalon (Avalon, #1)",4.13,208910,7741,88206,270
The Song of Achilles,4.32,1647295,176966,109983,271
The Color Purple,4.27,709472,27857,394825,272
Into the Wild,4.01,1120270,29946,53085,273
"The House in the Cerulean Sea (Cerulean Chronicles, #1)",4.39,727430,114393,12582,274
Mythology,4.03,57084,3381,13957,275
The Perks of Being a Wallflower,4.23,1861893,96847,1114376,276
Dandelion Wine,4.08,73166,6691,13776,277
The Last Lecture,4.26,351940,20172,17178,278
The Waste Land,4.11,55578,1867,22899,279
"Inferno (Robert Langdon, #4)",3.89,565331,39678,14762,280
"I Know Why the Caged Bird Sings (Maya Angelou's Autobiography, #1)",4.3,546205,17189,26557,281
Steppenwolf,4.13,194176,8868,32779,282
"Shatter Me (Shatter Me, #1)",3.85,995787,98843,49268,283
Perfume: The Story of a Murderer,4.04,494954,27955,140870,284
The Help,4.47,2850091,91743,823399,285
القرآن الكريم,4.38,69495,3826,33828,286
Ficciones,4.41,70875,4609,11054,287
Macbeth,3.89,933840,22290,18749,288
"Shiver (The Wolves of Mercy Falls, #1)",3.76,486856,25245,57131,289
"Little House on the Prairie (Little House, #3)",4.21,294632,5811,17716,290
Where the Heart Is,4.04,250415,4348,8959,291
"The Bronze Horseman (The Bronze Horseman, #1)",4.29,88951,9396,16374,292
A Farewell to Arms,3.82,331279,14839,78587,293
Normal People,3.81,1539406,152282,13777,294
The Glass Castle,4.32,1261880,66024,14784,295
"The Gunslinger (The Dark Tower, #1)",3.92,628143,26042,37352,296
"Worm Holes (Quantum Roots, #2)",4.34,2114,43,10073,297
"Guards! Guards! (Discworld, #8; City Watch, #1)",4.34,217501,7908,14916,298
"The Amulet of Samarkand (Bartimaeus, #1)",4.03,130835,6068,9069,299
"The Silver Chair (Chronicles of Narnia, #4)",3.96,308736,9348,15050,300
"City of Glass (The Mortal Instruments, #3)",4.27,981075,35370,21698,301
"I, Robot (Robot, #0.1)",4.21,356244,10795,23603,302
"Wicked: The Life and Times of the Wicked Witch of the West (The Wicked Years, #1)",3.54,606586,27563,73383,303
David Copperfield,4.03,244839,10577,78318,304
Gravity’s Rainbow,4.01,45246,4412,14293,305
"The Queen of the Damned (The Vampire Chronicles, #3)",3.92,155662,3417,15186,306
"Dragonfly in Amber (Outlander, #2)",4.34,366468,18039,29379,307
A Short History of Nearly Everything,4.22,397518,16317,36958,308
Memoirs of a Geisha,4.15,2037480,37059,945954,309
"Me Before You (Me Before You, #1)",4.26,1689816,98595,46115,310
Walk Two Moons,3.99,169855,8299,11218,311
"Matched (Matched, #1)",3.62,794531,36515,25599,312
"A Court of Thorns and Roses (A Court of Thorns and Roses, #1)",4.18,3143754,246767,45905,313
"The Wise Man’s Fear (The Kingkiller Chronicle, #2)",4.55,577821,28544,46627,314
Treasure Island,3.85,508301,17457,87248,315
A Moveable Feast,4.02,156262,11669,8880,316
The Virgin Suicides,3.79,364874,26293,28008,317
One Day in the Life of Ivan Denisovich,3.98,117838,6368,14712,318
"The Wicked King (The Folk of the Air, #2)",4.29,869777,81525,18509,319
The Goldfinch,3.95,962561,80838,23043,320
The Cider House Rules,4.16,188769,5359,44576,321
Slaughterhouse-Five,4.1,1400758,42513,515954,322
"The Death Cure (The Maze Runner, #3)",3.78,466108,27810,12169,323
A Room of One’s Own,4.21,222967,19537,9332,324
The Holy Bible: King James Version,4.44,298014,8855,14033,325
World War Z: An Oral History of the Zombie War,4.02,539421,30526,19978,326
East of Eden,4.42,563077,32460,46141,327
"A Storm of Swords (A Song of Ice and Fire, #3)",4.54,806206,26372,84155,328
The Sorrows of Young Werther,3.69,138505,9372,9362,329
"Pretties (Uglies, #2)",3.84,269098,11767,12912,330
"Bloodlines (Bloodlines, #1)",4.2,187948,9033,19052,331
"Graceling (Graceling Realm, #1)",4.07,469314,27601,45329,332
Stoner,4.34,186850,22617,10210,333
The Portrait of a Lady,3.79,82447,4050,10318,334
Message in a Bottle,3.98,241738,5216,11392,335
"I Am Number Four (Lorien Legacies, #1)",3.94,345555,17118,16436,336
Franny and Zooey,3.96,228151,11382,37741,337
"Clockwork Princess (The Infernal Devices, #3)",4.56,456560,40999,109944,338
Go Ask Alice,3.74,280951,13743,33624,339
The 5 Love Languages: The Secret to Love that Lasts,4.27,446460,17927,9160,340
Still Alice,4.32,347785,30912,10511,341
Murder on Family Grounds (Mary Wandwalker #3),4.32,12799,23,13832,342
The BFG,4.23,496668,12793,32144,343
"Harry Potter and the Sorcerer’s Stone (Harry Potter, #1)",4.47,10468800,171553,618670,344
The Moon Is a Harsh Mistress,4.15,133413,5239,10409,345
Pet Sematary,4.07,626244,27024,25735,346
The Stand,4.35,783578,31097,453522,347
"Empire of Storms (Throne of Glass, #5)",4.63,847705,69602,17474,348
"Ella Enchanted (Ella Enchanted, #1)",4.01,417221,12670,60754,349
"The Tales of Beedle the Bard (Hogwarts Library, #3)",4.04,497455,19086,25102,350
Gift from the Sea,4.14,52924,5367,9542,351
"Shadowfever (Fever, #5)",4.39,110522,7313,13080,352
The Truth About Forever,4.12,224540,9092,16844,353
The Diary of a Young Girl,4.19,3868233,43536,88841,354
"Tears of Tess (Monsters in the Dark, #1)",4.0,41167,4012,12567,355
The Very Hungry Caterpillar,4.33,521846,10857,159598,356
Cutting for Stone,4.32,401117,30135,17429,357
House of Sand and Fog,3.86,134234,4763,12702,358
1984,4.19,4839441,126043,15485,359
Circe,4.23,1152475,113347,28588,360
The Plague,4.02,278510,16509,30538,361
"To All the Boys I've Loved Before (To All the Boys I've Loved Before, #1)",4.04,947488,51275,14639,362
A Winter Grave,4.08,7993,557,12189,363
"Daughter of the Forest  (Sevenwaters, #1)",4.28,67349,5703,9640,364
"Scythe (Arc of a Scythe, #1)",4.32,347385,49187,10904,365
"A Time to Kill (Jake Brigance, #1)",4.12,810020,7300,38871,366
The Thirteenth Tale,3.98,318503,27157,46886,367
The World According to Garp,4.1,232151,7033,77194,368
Gone with the Wind,4.31,1235772,25653,1173894,369
A Clockwork Orange,4.0,731186,22054,341437,370
"Antigone (The Theban Plays, #3)",3.67,160665,6990,10967,371
"Killing Sarai (In the Company of Killers, #1)",4.08,32430,3112,12912,372
Possession,3.89,81535,5525,12790,373
Native Son,4.03,100783,5175,13586,374
"The Inheritance Games (The Inheritance Games, #1)",4.15,841505,93068,21572,375
"The Magician’s Nephew (Chronicles of Narnia, #6)",4.05,560826,22306,38299,376
"Harry Potter and the Deathly Hallows (Harry Potter, #7)",4.62,3837420,89592,617615,377
Howards End,3.96,91507,4526,10307,378
Christy,4.24,55464,2335,8791,379
"Truth (Consequences, #2)",4.34,32492,3107,13581,380
"The Knife of Never Letting Go (Chaos Walking, #1)",3.97,197755,21185,15768,381
"Call Me By Your Name (Call Me By Your Name, #1)",4.1,529022,48748,17312,382
"Words of Radiance (The Stormlight Archive, #2)",4.76,388958,25126,19179,383
Marley and Me: Life and Love With the World’s Worst Dog,4.14,473006,15148,58952,384
Dr. Jekyll and Mr. Hyde,3.83,609198,24968,34615,385
One of Us Is Lying,3.93,921063,73510,12173,386
Saint Richard Parker,4.32,5923,165,8684,387
The Agony and the Ecstasy,4.09,91807,2460,12440,388
"2001: A Space Odyssey (Space Odyssey, #1)",4.17,320972,9057,18770,389
Those Empty Eyes,4.19,45494,3668,20136,390
Doctor Zhivago,4.01,98598,4596,30487,391
A Portrait of the Artist as a Young Man,3.64,155801,8156,35448,392
"Foundation (Foundation, #1)",4.17,557138,17534,49491,393
"Uglies (Uglies, #1)",3.85,682185,27968,59630,394
Three Cups of Tea: One Man's Mission to Promote Peace ... One School at a Time,3.66,358482,24151,17039,395
The Boy in the Striped Pajamas,4.16,870943,38748,83213,396
"Inkheart (Inkworld, #1)",3.92,431115,14850,52808,397
We Have Always Lived in the Castle,3.93,249082,28950,14415,398
Angle of Repose,4.24,60140,5359,11015,399
"Simon vs. the Homo Sapiens Agenda (Simonverse, #1)",4.15,448434,38384,13430,400
The Arabian Nights,4.03,78522,2451,15921,401
"The Hate U Give (The Hate U Give, #1)",4.47,938656,77063,25503,402
Stardust,4.1,468189,27296,39933,403
The Complete Maus,4.58,230756,14972,42146,404
The Green Mile,4.48,333459,13848,74183,405
"The Godfather (The Godfather, #1)",4.39,434184,13561,143181,406
"Anne of Green Gables (Anne of Green Gables, #1)",4.32,1020652,41822,897588,407
A Monster Calls,4.35,273291,42749,18117,408
زندگی مه آلود پریا,3.33,1027,122,30907,409
"City of Lost Souls (The Mortal Instruments, #5)",4.21,544266,24835,46079,410
"Cinder (The Lunar Chronicles, #1)",4.13,955856,71916,73854,411
"The Sparrow (The Sparrow, #1)",4.14,77789,9348,9045,412
"An Ember in the Ashes (An Ember in the Ashes, #1)",4.25,309591,36781,10813,413
Hard-Boiled Wonderland and the End of the World,4.12,141454,9056,10969,414
Sarah's Key,4.18,481965,31647,17968,415
Sense and Sensibility,4.09,1226878,29461,19882,416
"The Raven Boys (The Raven Cycle, #1)",4.05,380505,43893,25391,417
All the Bright Places,4.12,588258,52747,29407,418
The Screwtape Letters,4.27,467389,17430,64493,419
"The Name of the Wind (The Kingkiller Chronicle, #1)",4.52,1000929,56533,181687,420
"Princess Academy (Princess Academy, #1)",4.04,118680,9489,11408,421
"Ender's Shadow (The Shadow Series, #1)",4.32,174708,5946,11465,422
"The Talisman (The Talisman, #1)",4.11,133515,5192,15773,423
Their Eyes Were Watching God,3.98,359299,21724,108060,424
Houdini Heart,3.84,5490,229,24357,425
"Keeper of the Lost Cities (Keeper of the Lost Cities, #1)",4.41,87391,9004,10483,426
The White Tiger,3.77,195802,13115,11158,427
"The Killer Angels (The Civil War Trilogy, #2)",4.33,88059,5693,13397,428
"A Feast for Crows (A Song of Ice and Fire, #4)",4.16,751621,25153,26657,429
A Streetcar Named Desire,3.98,322055,7898,28381,430
Robinson Crusoe,3.68,314216,10270,31856,431
Gulliver’s Travels,3.58,281751,8001,36011,432
A Little Princess,4.22,312279,10376,77528,433
"Hush, Hush (Hush, Hush, #1)",3.92,718920,30740,127625,434
"The Shadow of the Wind (The Cemetery of Forgotten Books, #1)",4.3,661900,53984,153689,435
"The City of Ember (Book of Ember, #1)",3.89,287922,13457,9354,436
"The Monarch's Ring (The Lost Artefacts, #2)",4.51,443,26,9524,437
"Night Watch (Discworld, #29; City Watch, #6)",4.5,113321,3262,13039,438
Mistress Suffragette,4.29,4590,105,11360,439
Cosmos,4.4,150014,4682,12419,440
"The Dark Tower (The Dark Tower, #7)",4.28,178327,7924,12927,441
"Captive in the Dark (The Dark Duet, #1)",3.94,73945,6507,16178,442
Taming Flame,4.3,17190,60,17183,443
"City of Fallen Angels (The Mortal Instruments, #4)",4.07,615458,28320,64099,444
"Holes (Holes, #1)",4.0,1252126,27827,143871,445
Chasing the Devil: The Search for Africa's Fighting Spirit,4.13,1905,205,10387,446
"The High Auction (Wisdom Revolution, #1)",4.71,15030,1965,9109,447
"The No. 1 Ladies' Detective Agency (No. 1 Ladies' Detective Agency, #1)",3.81,269172,13551,11679,448
Jitterbug Perfume,4.23,78004,4314,11800,449
The English Patient,3.86,134632,6245,30326,450
Midnight Sun [2008 Draft],4.01,148944,9303,49098,451
Bleak House,4.02,110301,5690,20344,452
"The Cruel Prince (The Folk of the Air, #1)",4.03,1400646,127119,44639,453
Rebecca,4.25,656925,43272,418161,454
Thus Spoke Zarathustra,4.07,158430,5906,9303,455
"Cress (The Lunar Chronicles, #3)",4.41,381743,34720,16823,456
No Country for Old Men,4.16,213976,13289,17229,457
"The Summoning (Darkest Powers, #1)",4.02,173957,6777,17287,458
Where the Crawdads Sing,4.38,3209203,212251,29359,459
Brave New World,3.99,1920527,51116,738657,460
A Tree Grows in Brooklyn,4.3,480069,28757,344597,461
"Specials (Uglies, #3)",3.76,195950,8952,9350,462
The Sea of Tranquility,4.29,87386,10497,9859,463
"Dead to the World (Sookie Stackhouse, #4)",4.12,262623,6378,16434,464
"A Court of Mist and Fury (A Court of Thorns and Roses, #2)",4.65,2391016,202538,23217,465
The Old Man and the Sea,3.8,1199665,42627,293979,466
Geek Love,3.95,69453,7390,12163,467
"The Assassin's Blade (Throne of Glass, #0.1-0.5)",4.22,780786,72301,10225,468
A Million Little Pieces,3.69,256856,12751,8923,469
"The Witching Hour (Lives of the Mayfair Witches, #1)",4.1,119931,5252,19438,470
"A Dance with Dragons (A Song of Ice and Fire, #5)",4.34,701785,26407,23000,471
All the Light We Cannot See,4.31,1770259,113234,42965,472
The Thorn Birds,4.25,355235,8287,111050,473
The Bell Jar,4.06,1042021,65530,481067,474
Inferno,4.02,189158,8460,33548,475
Thirteen Reasons Why,3.84,990946,57262,77066,476
"The Handmaid’s Tale (The Handmaid's Tale, #1)",4.14,2139951,101646,582831,477
"The Girl Who Played with Fire (Millennium, #2)",4.25,941705,37933,92446,478
Shakespeare's Sonnets,4.26,113851,2164,9188,479
"84, Charing Cross Road",4.16,87217,14067,9631,480
"The Eden Paradox (Eden Paradox, #1)",4.22,16155,210,10002,481
The Shards,4.0,29931,4431,13203,482
Paper Towns,3.71,1409018,57010,53932,483
The Picture of Dorian Gray,4.13,1630768,78068,1265416,484
"Vampire Academy (Vampire Academy, #1)",4.11,658758,27231,311997,485
King Lear,3.91,224868,7474,51601,486
"Small Gods (Discworld, #13)",4.32,125523,4931,10616,487
"Kingdom of Ash (Throne of Glass, #7)",4.7,720551,75847,13915,488
"The Bad Beginning (A Series of Unfortunate Events, #1)",4.01,538323,23059,20800,489
The Prince of Tides,4.25,211357,5449,39807,490
The Sirens of Titan,4.15,146808,7449,12358,491
From the Mixed-Up Files of Mrs. Basil E. Frankweiler,4.16,213916,9365,12902,492
The Name of the Rose,4.14,374258,13747,146556,493
Redeeming Love,4.51,337415,19614,23838,494
"Poison Study (Study, #1)",4.09,169948,14184,14158,495
The War of the Worlds,3.83,325214,13128,20396,496
A Story of Yesterday,4.56,13651,396,141900,497
Lolita,3.88,878892,43245,531207,498
Deception Point,3.76,679621,11336,8925,499
"A Child Called ""It"" (Dave Pelzer, #1)",4.13,443522,18992,34529,500
The Yellow Wallpaper and Other Stories,4.08,307493,18940,14400,501
Everything is Illuminated,3.89,181459,8852,21043,502
Norwegian Wood,4.0,643529,49725,57136,503
"Catching Fire (The Hunger Games, #2)",4.33,3732949,129578,118574,504
Fear and Loathing in Las Vegas,4.07,358356,10072,55538,505
The Nightingale,4.63,1554714,127236,23910,506
"Tempted (House of Night, #6)",3.95,169958,3768,11966,507
"Speaker for the Dead (Ender's Saga, #2)",4.1,260749,9361,16070,508
"A Court of Wings and Ruin (A Court of Thorns and Roses, #3)",4.47,1993962,138746,22926,509
Sharp Objects,4.01,1105321,70859,25698,510
The Complete Works,4.48,57250,1111,47632,511
"All Creatures Great and Small (All Creatures Great and Small, #1-2)",4.35,150367,7477,48952,512
Look Closer,4.2,74804,9290,14557,513
"Red Queen (Red Queen, #1)",3.99,1065973,72238,30719,514
J.R.R. Tolkien 4-Book Boxed Set: The Hobbit and The Lord of the Rings,4.61,136995,2336,1540776,515
Alice in Wonderland,4.03,392722,5625,90754,516
Cold Mountain,3.89,245469,6735,33537,517
"Kane & Abel (Kane & Abel, #1)",4.34,124965,6174,9481,518
The Marriage Portrait,4.01,164215,16257,10948,519
Peace Like a River,4.02,94716,9681,14067,520
The Lovely Bones,3.86,2394838,47665,562067,521
Invisible Man,3.91,192607,8724,53252,522
11/22/63,4.34,569665,51209,35003,523
"Gabriel's Inferno (Gabriel's Inferno, #1)",3.98,159530,9011,9058,524
The Neverending Story,4.18,207696,10063,88828,525
"Good Omens: The Nice and Accurate Prophecies of Agnes Nutter, Witch",4.26,779405,42576,128177,526
"Harry Potter and the Chamber of Secrets (Harry Potter, #2)",4.43,4104580,84833,191515,527
The Roommate,3.9,7665,606,14560,528
"The Passage (The Passage, #1)",4.05,216028,21392,10940,529
"A Great and Terrible Beauty (Gemma Doyle, #1)",3.8,224200,10627,17988,530
The Republic,3.96,210409,6018,22282,531
"The Good Earth (House of Earth, #1)",4.01,253460,11976,90899,532
"Being a Witch, and Other Things I Didn't Ask For",4.3,16534,107,11546,533
"One Foot in the Grave (Night Huntress, #2)",4.28,106328,4257,8793,534
"Slammed (Slammed, #1)",4.16,403111,26419,16437,535
The Prophet,4.23,308269,15272,93401,536
Tess of the D’Urbervilles,3.83,290244,12330,95334,537
"Unwind (Unwind, #1)",4.17,236581,23242,19663,538
The Monster at the End of this Book,4.46,125832,3431,39828,539
"Watership Down (Watership Down, #1)",4.09,488970,18248,414023,540
"A Canticle for Leibowitz (St. Leibowitz, #1)",3.98,112641,6720,11502,541
No One Can Know,3.68,56518,6275,15162,542
"Red Dragon (Hannibal Lecter, #1)",4.06,345618,8348,16315,543
"A Wrinkle in Time (Time Quintet, #1)",3.98,1228343,40624,628764,544
Dracula,4.02,1325591,50389,815001,545
"The Voyage of the Dawn Treader (Chronicles of Narnia, #3)",4.09,481665,11720,24006,546
The Girl Who Was Taken,4.2,106500,7403,13922,547
Breakfast of Champions,4.07,266706,10337,28466,548
Gone Girl,4.14,3206881,159726,76965,549
The Brief Wondrous Life of Oscar Wao,3.89,269211,21998,8720,550
"The Reckoning (Darkest Powers, #3)",4.18,117549,3841,9373,551
"Absalom, Absalom!",3.98,45539,2969,9406,552
"The Blood of Olympus (The Heroes of Olympus, #5)",4.43,352990,24334,13729,553
The Stranger,4.03,1179421,56771,197339,554
"Dune (Dune, #1)",4.28,1462199,72862,540850,555
"The Silence of the Lambs  (Hannibal Lecter, #2)",4.25,561888,10355,90475,556
The Shell Seekers,4.19,114164,4932,11018,557
The Magic Mountain,4.13,52012,3928,11359,558
Watchers,4.19,166904,5266,13258,559
Mansfield Park,3.86,358940,15715,33031,560
The Count of Monte Cristo,4.31,943691,33697,162540,561
"The Horse and His Boy (Chronicles of Narnia, #5)",3.91,365005,13062,17391,562
Corelli’s Mandolin,4.02,88396,3587,12067,563
The Immortal Life of Henrietta Lacks,4.12,756536,41982,8839,564
"Harry Potter and the Goblet of Fire (Harry Potter, #4)",4.57,3852506,73864,284170,565
Great Expectations,3.79,824906,23205,404849,566
To Kill a Mockingbird,4.26,6363699,121889,328319,567
"Blood Promise (Vampire Academy, #4)",4.3,318451,11610,92552,568
Leaves of Grass,4.12,110707,3903,46232,569
The Master and Margarita,4.29,373492,22829,176723,570
A Prayer for Owen Meany,4.24,326264,16822,220219,571
The Power of Myth,4.26,52069,2452,10968,572
"Hunted (House of Night, #5)",3.93,186043,3909,15346,573
"Beloved (Beloved Trilogy, #1)",3.96,452425,23102,81353,574
"Ender’s Game (Ender's Saga, #1)",4.31,1407438,51030,789332,575
"Harry Potter and the Order of the Phoenix (Harry Potter, #5)",4.5,3510000,67892,3160086,576
Heart of Darkness,3.43,526226,21697,95780,577
Blood River: A Journey to Africa’s Broken Heart,3.98,11605,848,50315,578
Hello Beautiful,4.15,396591,37291,9566,579
The Witch of Blackbird Pond,4.02,155307,7719,11905,580
The Sun Also Rises,3.79,459373,20547,67982,581
Oliver Twist,3.88,403074,11263,87479,582
Do Androids Dream of Electric Sheep?,4.09,470102,21130,40528,583
"The Titan’s Curse (Percy Jackson and the Olympians, #3)",4.37,1113687,42893,114565,584
"The Red Pyramid (The Kane Chronicles, #1)",4.1,406379,16609,17502,585
"Mort (Discworld, #4; Death, #1)",4.24,254775,8920,10470,586
"Living Dead in Dallas (Sookie Stackhouse, #2)",3.96,257200,7807,10720,587
"Sabriel (Abhorsen,  #1)",4.17,212013,10155,17306,588
"Torment (Fallen, #2)",3.84,238612,8648,18131,589
"Lover Awakened (Black Dagger Brotherhood, #3)",4.43,183130,8078,21933,590
"The Return of the King (The Lord of the Rings, #3)",4.57,945683,20435,22838,591
"Anna and the French Kiss (Anna and the French Kiss, #1)",3.97,457387,36265,25781,592
Flow Down Like Silver,4.01,4514,231,47789,593
"The Color of Magic (Discworld, #1; Rincewind, #1)",4.0,398433,15062,11278,594
"The Iron King (The Iron Fey, #1)",3.88,215126,13605,19036,595
The Invisible Life of Addie LaRue,4.18,1197713,153466,25546,596
Stranger in a Strange Land,3.92,317474,10364,53582,597
My Sister’s Keeper,4.1,1240338,38489,370410,598
"The House of Hades (The Heroes of Olympus, #4)",4.57,439716,24381,34798,599
The Forgotten Garden,4.15,227912,21136,9873,600
"Red Rising (Red Rising Saga, #1)",4.27,516134,53611,14100,601
"Trainspotting (Mark Renton, #2)",4.11,170688,4301,16788,602
The Wind in the Willows,4.02,226386,9734,64157,603
The Metamorphosis,3.88,1196215,50748,178396,604
Water for Elephants,4.11,1646124,63552,502322,605
The Time Traveler’s Wife,4.0,1812829,54612,698290,606
"Viciously Yours (Fae Kings of Eden, #1)",3.62,27879,3346,13958,607
The Glass Menagerie,3.73,136266,3818,15809,608
"The Power of One (The Power of One, #1)",4.35,90682,6035,36513,609
Black Beauty,4.0,288526,7202,39256,610
"Fifty Shades Darker (Fifty Shades, #2)",3.83,934620,31112,40062,611
Cat’s Cradle,4.15,414006,16468,64402,612
Anna Karenina,4.09,872276,37520,380980,613
"Not Forever, But For Now",3.1,4037,714,14601,614
Wild Swans: Three Daughters of China,4.29,116068,7561,10045,615
John Adams,4.08,365866,7364,13077,616
"Marked (House of Night, #1)",3.81,506115,16700,56706,617
Schindler’s List,4.34,162086,3090,72754,618
"Inheritance (The Inheritance Cycle, #4)",4.15,288457,12536,14683,619
Between Shades of Gray,4.37,253862,27962,9767,620
"Dome: Rebellion (Dome, #1)",4.46,370,46,15634,621
Lady Chatterley’s Lover,3.5,129751,8333,16539,622
"Angels & Demons (Robert Langdon, #1)",3.94,3259497,34843,22079,623
Watchmen,4.38,569879,17949,131486,624
Waiting for Godot,3.84,208147,9498,24765,625
Into Thin Air: A Personal Account of the Mt. Everest Disaster,4.25,523531,20035,17956,626
"Chosen (House of Night, #3)",3.91,248620,5042,19899,627
"The Mark of Athena (The Heroes of Olympus, #3)",4.47,628436,27434,47174,628
In Cold Blood,4.09,681571,25323,140860,629
"The Murder of Roger Ackroyd (Hercule Poirot, #4)",4.27,294819,24776,12201,630
Choke,3.71,214353,7516,10152,631
Survivor,3.93,120336,4373,9732,632
The Phantom of the Opera,3.96,253515,12265,64398,633
"Clockwork Angel (The Infernal Devices, #1)",4.31,847050,43759,199215,634
"A ​Court of Silver Flames (A Court of Thorns and Roses, #4)",4.47,1470261,128405,15190,635
Midnight’s Children,3.98,127153,8715,30160,636
Madame Bovary,3.7,346512,17515,88637,637
Cold Sassy Tree,4.02,104181,4600,9325,638
Orlando,3.87,99937,9034,10916,639
"The Bourne Identity (Jason Bourne, #1)",4.05,435530,5551,13770,640
Gray After Dark,4.24,32437,3026,15498,641
Girl with a Pearl Earring,3.93,750118,12977,60502,642
The Divine Comedy,4.08,158702,6622,132079,643
The Adventures of Huckleberry Finn,3.83,1286039,21147,559328,644
"Walking Disaster (Beautiful, #2)",4.15,200738,12832,9461,645
If We Were Villains,4.14,320546,58874,11835,646
The Jungle,3.77,148384,7437,21622,647
"Fallen (Fallen, #1)",3.72,596993,22318,68243,648
The Little Prince,4.33,2202409,72701,1063270,649
"The Selection (The Selection, #1)",4.08,1624942,82298,92302,650
Holy Bible: New International Version,4.62,90232,3320,10435,651
The 7 Habits of Highly Effective People: Powerful Lessons in Personal Change,4.16,766016,15378,10463,652
"Burned (House of Night, #7)",3.97,160923,3502,8925,653
Revolutionary Road,3.93,90011,7773,9436,654
The Omnivore's Dilemma: A Natural History of Four Meals,4.18,206654,14358,10555,655
The Magus,4.05,60219,4067,12961,656
Snow Falling on Cedars,3.86,189644,6109,21367,657
"Insurgent (Divergent, #2)",3.97,1542597,64499,114572,658
"World Without End (Kingsbridge, #2)",4.31,258716,13774,15899,659
Demian,4.14,119141,8579,16303,660
"Betrayed (House of Night, #2)",3.92,271663,6338,21928,661
"Pippi Longstocking (Pippi Långstrump, #1)",4.15,203013,5416,27038,662
"Eldest (The Inheritance Cycle, #2)",4.04,461101,12534,32939,663
"Carry On (Simon Snow, #1)",4.17,321025,37589,14808,664
Vanity Fair,3.8,129944,4666,18612,665
"Evermore (The Immortals, #1)",3.59,293902,10637,26770,666
The Guernsey Literary and Potato Peel Pie Society,4.19,771582,63485,57918,667
"Shōgun (Asian Saga, #1)",4.41,193578,7272,73036,668
Invisible Monsters,4.0,147261,7474,14555,669
"Where She Went (If I Stay, #2)",3.97,299120,21464,13750,670
"Last Sacrifice (Vampire Academy, #6)",4.37,292312,12896,67529,671
"The Pillars of the Earth (Kingsbridge, #1)",4.34,783331,38824,427199,672
My Ántonia,3.83,141086,9493,28917,673
"City of Heavenly Fire (The Mortal Instruments, #6)",4.39,395444,28771,30367,674
Sophie’s Choice,4.17,92291,3133,39949,675
The Compleat Works of Wllm Shkspr,4.44,9542,176,108822,676
"The Sea of Monsters (Percy Jackson and the Olympians, #2)",4.24,1239114,52498,109752,677
"The Cat in the Hat (The Cat in the Hat, #1)",4.19,554935,7337,131303,678
Atlas Shrugged,3.69,395660,20546,259783,679
The Poisonwood Bible,4.1,759732,28854,291254,680
"Dreamfever (Fever, #4)",4.38,103827,5360,9213,681
It's Kind of a Funny Story,4.08,255797,13807,11189,682
Veronika Decides to Die,3.73,228124,11597,12402,683
The Pearl,3.54,247182,13368,21899,684
The Odyssey,3.81,1114076,20796,612176,685
"Haunting Adeline (Cat and Mouse, #1)",3.96,604265,70415,10474,686
Persuasion,4.15,723673,35196,25186,687
"Unbroken: A World War II Story of Survival, Resilience and Redemption",4.39,961773,51757,27204,688
And Then There Were None,4.28,1436694,70194,345023,689
I Am Legend and Other Stories,4.0,133071,5861,14512,690
"You Are Special (Wemmicksville, #1)",4.45,52932,1517,16170,691
"The Darkest Minds (The Darkest Minds, #1)",4.16,197534,19582,17046,692
Johnny Got His Gun,4.2,45375,3411,18671,693
The Martian,4.42,1169532,90312,44674,694
"Frostbite (Vampire Academy, #2)",4.25,361785,13874,97630,695
"Eragon (The Inheritance Cycle, #1)",3.95,1830451,29721,163640,696
The Runaway Jury,4.02,307628,2819,8662,697
Starship Troopers,4.01,233670,7800,13943,698
Nineteen Minutes,4.17,384289,20211,24249,699
"Dead as a Doornail (Sookie Stackhouse, #5)",4.01,220811,4550,9147,700
Pericles and Aspasia: A Story of Ancient Greece,4.29,16109,70,16506,701
"Perfect Chemistry (Perfect Chemistry, #1)",4.04,261397,11695,17945,702
The Unbearable Lightness of Being,4.11,494125,27781,148420,703
"Interview with the Vampire (The Vampire Chronicles, #1)",4.02,610046,18303,301210,704
"A Darker Shade of Magic (Shades of Magic, #1)",4.05,385145,47250,10628,705
A Man Called Ove,4.38,1089224,114956,15917,706
The Polar Express,4.32,243218,4182,17986,707
The House of the Spirits,4.28,283768,16415,58850,708
"The Lost Hero (The Heroes of Olympus, #1)",4.3,880473,35947,77961,709
The Merchant of Venice,3.78,192903,5980,14800,710
"Drums of Autumn (Outlander, #4)",4.35,257286,9894,16074,711
V for Vendetta,4.26,313647,7393,38270,712
Alice’s Adventures in Wonderland / Through the Looking-Glass,4.06,578690,16284,970849,713
The Love Hypothesis,4.13,1523092,161473,15747,714
"The Notebook (The Notebook, #1)",4.15,1742416,26704,258757,715
"The Hunger Games (The Hunger Games, #1)",4.34,9013285,226373,3936285,716
Project Hail Mary,4.51,666557,83467,10090,717
Cryptonomicon,4.23,113866,6153,10761,718
"The Fellowship of the Ring (Middle Earth, #1)",4.39,2881649,43569,418754,719
"Alanna: The First Adventure (Song of the Lioness, #1)",4.27,132978,6304,12931,720
"Silence (Hush, Hush, #3)",4.07,287652,9306,17071,721
Dubliners,3.84,161971,9601,22817,722
"Red, White & Royal Blue",4.07,1080629,119761,25173,723
I Know This Much Is True,4.21,316019,10561,48568,724
The Importance of Being Earnest,4.17,380795,15133,106508,725
How to Win Friends & Influence People,4.22,1034522,26380,12278,726
A People’s History of the United States: 1492 - Present,4.08,249648,7359,13581,727
The Zombie Room,3.79,30066,408,46801,728
The Secret History,4.17,830537,94048,106934,729
"Fifty Shades Freed (Fifty Shades, #3)",3.83,878122,28027,35016,730
Papillon,4.23,71809,2964,12739,731
"Faust, First Part",3.86,128833,4895,25226,732
The Addiction Manifesto,4.8,1203,52,115064,733
Frankenstein: The 1818 Text,3.88,1669769,69370,604756,734
Siddhartha,4.07,801327,29008,311259,735
The Trigger: Hunting the Assassin Who Brought the World to War,3.81,3981,303,11723,736
Much Ado About Nothing,4.06,249231,6330,18291,737
The Red Tent,4.2,610051,22651,185694,738
"Prince Caspian (Chronicles of Narnia, #2)",3.98,452946,12773,14681,739
"House of Earth and Blood (Crescent City, #1)",4.47,828081,86556,12010,740
"The Eyre Affair (Thursday Next, #1)",3.89,134457,11721,14377,741
"The Lies of Locke Lamora (Gentleman Bastard, #1)",4.31,309335,21832,15225,742
Julius Caesar,3.7,209260,7139,15914,743
Me Talk Pretty One Day,4.01,706600,20457,21632,744
Local Woman Missing,4.14,563432,47115,27417,745
A Confederacy of Dunces,3.89,282619,19473,67075,746
Romeo and Juliet,3.74,2669515,33751,889809,747
"Chocolat (Chocolat, #1)",3.96,127611,5337,17340,748
"Lover Revealed (Black Dagger Brotherhood, #4)",4.28,139450,5299,10885,749
The Elegance of the Hedgehog,3.8,189694,21662,11726,750
Emma,4.05,913019,35582,23072,751
Mrs. Dalloway,3.79,320322,20152,42765,752
James and the Giant Peach,4.03,487148,9324,48264,753
The Iliad / The Odyssey,4.06,78479,1255,72076,754
The Invention of Hugo Cabret,4.22,185632,16473,11139,755
The Aeneid,3.87,133841,4689,11798,756
"The Way of Kings (The Stormlight Archive, #1)",4.66,543713,40954,55649,757
"Lonesome Dove (Lonesome Dove, #1)",4.54,203580,13493,126868,758
"Oh, the Places You’ll Go!",4.37,418221,6606,89793,759
"Corrupt (Devil's Night, #1)",3.8,317401,31581,13652,760
’Salem’s Lot,4.1,601647,22793,44785,761
"The Final Empire (Mistborn, #1)",4.48,765212,59778,46970,762
"The Battle of the Labyrinth (Percy Jackson and the Olympians, #4)",4.42,1133503,37700,113865,763
Bury My Heart at Wounded Knee: An Indian History of the American West,4.25,95549,5692,12319,764
The Couple Next Door,3.8,630103,41756,9242,765
"The Bone Collector (Lincoln Rhyme, #1)",4.2,182848,3858,11951,766
Northanger Abbey,3.85,416027,22713,25240,767
"Flowers in the Attic (Dollanganger, #1)",3.85,222302,13398,29812,768
A Separate Peace,3.6,223964,9984,32602,769
Exodus,4.34,100215,2244,9594,770
Because of Winn-Dixie,4.09,264131,11711,10882,771
Ivanhoe,3.76,96175,3230,11670,772
If on a Winter’s Night a Traveler,4.03,102108,9803,13232,773
The Art of War,3.95,513968,20258,16658,774
"Miss Peregrine's Home for Peculiar Children (Miss Peregrine's Peculiar Children, #1)",3.92,1295932,67584,30517,775
The Sound and the Fury,3.86,186362,9817,55614,776
A Heartbreaking Work of Staggering Genius,3.69,181861,9916,11997,777
"The Bean Trees (Greer Family, #1)",4.0,163152,8312,15171,778
"Unravel Me (Shatter Me, #2)",4.13,616328,57488,19313,779
"I, Claudius (Claudius, #1)",4.24,68635,3636,21219,780
"Stargirl (Stargirl, #1)",3.77,330478,17013,31621,781
"A Good Girl's Guide to Murder (A Good Girl's Guide to Murder, #1)",4.31,1348952,145337,35682,782
The God of Small Things,3.96,306657,20195,62243,783
The Crucible,3.6,425057,12948,64798,784
"The Awakening (Darkest Powers, #2)",4.14,116456,3523,9344,785
Rosencrantz and Guildenstern Are Dead,4.04,90732,2855,13013,786
"Eat, Pray, Love",3.63,1777775,59174,104009,787
It,4.24,1161154,38072,318536,788
"Twenty Thousand Leagues Under the Sea (Captain Nemo, #2)",3.89,260978,10736,13874,789
All Quiet on the Western Front,4.08,477610,19438,129951,790
The Scarlet Letter,3.43,881562,21400,138651,791
"Harry Potter and the Prisoner of Azkaban (Harry Potter, #3)",4.58,4388910,89580,542282,792
The Princess Bride,4.27,915480,27385,700070,793
"The Shining (The Shining, #1)",4.28,1557039,42071,315121,794
"Angela’s Ashes (Frank McCourt, #1)",4.15,639138,14689,306308,795
"Opal (Lux, #3)",4.24,154406,10524,8925,796
Before I Fall,3.89,340997,22090,15024,797
The Complete Novels,4.57,33555,753,36063,798
"The Mortal Instruments Boxed Set: City of Bones; City of Ashes; City of Glass (The Mortal Instruments, #1-3)",4.55,68530,1129,17391,799
My Name Is Asher Lev,4.24,42155,3313,10376,800
None of This Is True,4.11,698865,73465,11614,801
"One for the Money (Stephanie Plum, #1)",4.05,560931,17647,12992,802
The Complete Calvin and Hobbes,4.81,40963,1208,55185,803
Where the Wild Things Are,4.25,1021526,14236,563768,804
The Story of My Life,4.08,148727,3381,11175,805
"Magical Midlife Awakening (Leveling Up, #9)",4.62,9147,596,13927,806
"A Dog's Purpose (A Dog's Purpose, #1)",4.35,135357,14866,15161,807
The Remains of the Day,4.14,320599,26047,31020,808
The Book Thief,4.39,2662050,149775,1856745,809
"Beautiful Disaster (Beautiful, #1)",4.01,696461,34930,50695,810
The Bluest Eye,4.12,266862,18879,14170,811
Brideshead Revisited,4.0,118293,7525,19556,812
"Harry Potter Series Box Set (Harry Potter, #1-7)",4.74,292776,8464,36380,813
The Giving Tree,4.38,1161843,22878,1191514,814
The Call of the Wild,3.91,443392,16344,92197,815
The Amazing Adventures of Kavalier & Clay,4.18,206084,12497,31382,816
"The Chosen (Reuven Malther, #1)",4.07,94792,5135,24680,817
"The Devil in the White City: Murder, Magic, and Madness at the Fair That Changed America",4.0,706696,41752,25776,818
The Canterbury Tales,3.52,227362,4585,78053,819
Little Women,4.16,2303064,55816,681160,820
"The Hitchhiker’s Guide to the Galaxy (Hitchhiker's Guide to the Galaxy, #1)",4.23,1896960,48796,840179,821
No Exit,4.0,175693,22186,10500,822
"Sheever's Journal, Diary of a Poison Master",4.32,11426,22,20490,823
Divine Secrets of the Ya-Ya Sisterhood,3.86,561543,4888,21985,824
"Hopeless (Hopeless, #1)",4.24,616380,42454,27786,825
Bridge to Terabithia,4.05,560613,17146,96204,826
Just Listen,4.06,248624,8999,17549,827
"Finale (Hush, Hush, #4)",4.12,179711,9662,10047,828
The Corrections,3.84,187805,11834,10885,829
"Souls Unfractured (Hades Hangmen, #3)",4.41,27729,3063,12055,830
"Left Behind (Left Behind, #1)",3.86,237642,4576,13280,831
"Wicked Lovely (Wicked Lovely, #1)",3.7,164701,7548,15040,832
Crime and Punishment,4.27,949992,40744,982615,833
Shutter Island,4.12,202645,11370,17789,834
Journey to the End of the Night,4.19,43934,3120,8661,835
"Confessions of a Shopaholic (Shopaholic, #1)",3.7,771728,14268,11215,836
"They Both Die at the End (Death-Cast, #1)",3.76,790202,91877,16719,837
Love You Forever,4.37,240873,6223,36829,838
The Secret Garden,4.16,1212315,30431,696653,839
"Breaking Dawn (The Twilight Saga, #4)",3.74,1761209,55042,8757,840
Digital Fortress,3.7,645733,11281,11312,841
High Fidelity,3.91,206524,8522,25131,842
Breakfast at Tiffany’s and Three Stories,3.85,246707,13715,28298,843
The Idiot,4.21,192460,9700,52888,844
The Fall,4.04,114929,7197,9576,845
"The Queen of Nothing (The Folk of the Air, #3)",4.35,783221,76531,18077,846
"Divergent (Divergent, #1)",4.14,4110329,123170,959986,847
"Murder on the Orient Express (Hercule Poirot, #10)",4.2,656511,42931,96842,848
"A Court of Thorns and Roses (A Court of Thorns and Roses, #1)",4.18,3143754,246767,9617,849
Nine Stories,4.18,150216,6147,16691,850
"The Ultimate Hitchhiker’s Guide to the Galaxy (Hitchhiker's Guide to the Galaxy, #1-5)",4.38,328713,6503,108375,851
"The Little House Collection (Little House, #1-9)",4.35,154612,2490,127457,852
"The Vampire Lestat (The Vampire Chronicles, #2)",4.1,206414,5939,51852,853
"Forrest Gump (Forrest Gump, #1)",4.02,69926,3350,9678,854
Are You My Mother?,4.21,246700,2848,18019,855
"Throne of Glass (Throne of Glass, #1)",4.18,1793045,124828,103717,856
The Paris Apartment,3.65,593304,49957,9331,857
"A Study in Scarlet (Sherlock Holmes, #1)",4.14,461495,18337,9362,858
Ethan Frome,3.45,130341,7881,9727,859
The Bridges of Madison County,3.7,100421,6522,9843,860
"Anne of Avonlea (Anne of Green Gables, #2)",4.22,207679,10410,17798,861
"Untamed (House of Night, #4)",3.94,239459,4131,21424,862
"Queen of Shadows (Throne of Glass, #4)",4.61,987593,72422,26476,863
One Hundred Years of Solitude,4.12,1006844,49351,733819,864
"Lover Mine (Black Dagger Brotherhood, #8)",4.39,114547,4636,8766,865
An Abundance of Katherines,3.51,536835,28351,10720,866
"I'd Tell You I Love You, But Then I'd Have to Kill You (Gallagher Girls, #1)",3.84,190946,8596,11786,867
The Wasp Factory,3.77,100767,6826,13083,868
"Artemis Fowl (Artemis Fowl, #1)",3.86,552481,13939,25785,869
Beowulf,3.49,324652,11957,37328,870
The Shipping News,3.88,148156,6330,24759,871
The Midnight Library,3.99,1986003,203000,9749,872
The Left Hand of Darkness,4.1,193731,17097,18820,873
"Ready Player One (Ready Player One, #1)",4.23,1212221,105045,48868,874
Dark Places,3.95,780094,46118,17588,875
"Mary Poppins (Mary Poppins, #1)",4.01,135952,7108,10439,876
The Three Witches and the Master,0.0,0,0,10039,877
Hidden Pictures,4.16,370284,39476,29860,878
Walden,3.78,194000,8172,43208,879
Island of the Blue Dolphins,3.87,338695,10306,54179,880
"The Lord of the Rings (Middle Earth, #2-4)",4.53,692630,15155,60385,881
"The Hobbit (The Lord of the Rings, #0)",4.29,4156418,76274,177493,882
1984,4.19,4839441,126043,682562,883
"Definitely Dead (Sookie Stackhouse, #6)",4.01,207373,4495,8845,884
Illusions: The Adventures of a Reluctant Messiah,4.15,64923,2963,9517,885
"The Well of Ascension (Mistborn, #2)",4.38,518216,33732,9806,886
The Only One Left,4.14,366316,49700,9941,887
"Fablehaven (Fablehaven, #1)",4.13,169603,12793,11097,888
The Wind-Up Bird Chronicle,4.15,293893,20973,59546,889
Nausea,3.94,125452,6451,9399,890
The Three Musketeers,4.09,332781,10042,104666,891
Atonement,3.94,533794,23922,105929,892
"The Girl with the Dragon Tattoo (Millennium, #1)",4.17,3266127,79671,402039,893
"City of Ashes (The Mortal Instruments, #2)",4.11,956008,37730,13776,894
The Secret Magdalene,4.15,4648,508,65329,895
"Fifty Shades of Grey (Fifty Shades, #1)",3.66,2700123,85296,83405,896
"Winnie-the-Pooh (Winnie-the-Pooh, #1)",4.38,470918,10522,253384,897
The Brothers Karamazov,4.37,344924,20134,358854,898
The Elephant Tree,3.74,28895,436,49985,899
Bel Canto,3.93,295718,19874,34375,900
Love in the Time of Cholera,3.94,517388,28639,115340,901
A Tale of Two Cities,3.87,968631,24464,536722,902
Behind Closed Doors,3.98,655796,51126,10487,903
The Drowning Woman,4.06,101586,9606,13154,904
A Fine Balance,4.37,152836,11559,27974,905
The Awakening,3.68,214601,11632,42016,906
"Legend (Legend, #1)",4.15,541714,38454,42650,907
"The Giver (The Giver, #1)",4.12,2581798,81989,586978,908
The Martian Chronicles,4.15,269761,11835,33819,909
"Jurassic Park (Jurassic Park, #1)",4.11,986446,21933,81906,910
The Seven Husbands of Evelyn Hugo,4.41,3379865,298406,83237,911
As I Lay Dying,3.72,174124,11535,33432,912
"The Golden Lily (Bloodlines, #2)",4.31,119889,6918,8879,913
"The Restaurant at the End of the Universe (The Hitchhiker's Guide to the Galaxy, #2)",4.2,298500,9259,10133,914
"Assassin's Apprentice (Farseer Trilogy, #1)",4.18,346784,19344,13812,915
American Gods,4.11,957710,48720,137492,916
Foucault’s Pendulum,3.91,71774,4229,14132,917
"Crooked Kingdom (Six of Crows, #2)",4.59,684177,76474,58340,918
Fight Club,4.18,609148,23481,137391,919
Don Quixote,3.9,282120,12803,297574,920
A Cursed Son,4.03,2267,466,9033,921
Pale Fire,4.17,52911,4193,9738,922
Let the Right One In,4.04,114584,7898,10025,923
"Angelfall (Penryn & the End of Days, #1)",4.11,193800,17709,17246,924
A Room with a View,3.9,189777,9324,20548,925
"Daughter of Smoke & Bone (Daughter of Smoke & Bone, #1)",3.99,375716,34767,27794,926
The Time Machine,3.89,533644,17183,47760,927
How the Grinch Stole Christmas!,4.38,423448,4749,109770,928
The Gargoyle,3.97,49822,6006,8963,929
Death of a Salesman,3.58,242175,8395,27255,930
"Moby-Dick or, The Whale",3.55,578372,24195,229215,931
Never Let Me Go,3.85,742969,58668,50184,932
White Oleander,4.0,358384,9551,50865,933
Archer's Voice,4.2,545692,60180,12209,934
"Darkfever (Fever, #1)",4.06,184337,12406,13183,935
"Caraval (Caraval, #1)",3.98,630906,82109,13923,936
Cyrano de Bergerac,4.06,86106,3172,16096,937
"Scarlet (The Lunar Chronicles, #2)",4.24,434608,40170,16503,938
The Westing Game,4.0,220188,14915,16643,939
"Shadow and Bone (The Shadow and Bone Trilogy, #1)",3.93,1001543,88144,18922,940
Middlemarch,4.02,168017,11824,40379,941
Man’s Search for Meaning,4.37,760438,42087,68249,942
One Flew Over the Cuckoo’s Nest,4.2,747579,17015,384159,943
Uncle Tom’s Cabin,3.91,232189,10172,50724,944
The Tell-Tale Heart and Other Writings,4.19,241723,1696,33628,945
"Tai-Pan (Asian Saga, #2)",4.3,55051,1469,8682,946
"Hyperion (Hyperion Cantos, #1)",4.27,266714,13849,17278,947
"Bridget Jones’s Diary (Bridget Jones, #1)",3.8,996046,13187,38708,948
"Ishmael (Ishmael, #1)",4.01,99787,6755,16644,949
The Grapes of Wrath,4.01,932926,25450,33379,950
Marked by Magic (Tracking Trouble #1),4.33,4416,171,9516,951
"Love Story (Love Story, #1)",3.65,62083,3703,11569,952
Something Wicked This Way Comes,3.91,139708,11272,14376,953
"The Subtle Knife (His Dark Materials, #2)",4.15,443709,13193,27916,954
Where the Red Fern Grows,4.12,417688,14544,143163,955
Wuthering Heights,3.89,1877038,66970,1186149,956
The Joy Luck Club,3.97,692180,13951,90493,957
"Champion (Legend, #3)",4.31,223526,19890,13345,958
The God Delusion,3.9,272796,9771,19697,959
To the Lighthouse,3.8,192741,14490,24083,960
"Reflected in You (Crossfire, #2)",4.3,357001,11594,9037,961
American Psycho,3.81,329252,21300,37365,962
"Linger (The Wolves of Mercy Falls, #2)",3.88,172002,10206,9894,963
Anthem,3.61,159365,11749,11908,964
"The Chronicles of Narnia (The Chronicles of Narnia, #1-7)",4.28,670670,12900,1466367,965
"As Good As Dead (A Good Girl's Guide to Murder, #3)",4.21,428936,61940,10173,966
The Long Walk,4.08,199721,13630,13076,967
On the Road,3.61,422184,20743,146651,968
The Outsiders,4.13,1416141,50437,690751,969
"Better than the Movies (Better than the Movies, #1)",4.29,487155,79940,11848,970
A Brief History of Time,4.21,446445,13016,14890,971
"The Eye of the World (The Wheel of Time, #1)",4.19,548529,24083,35858,972
"The Clan of the Cave Bear (Earth's Children, #1)",4.09,272397,8345,79612,973
"Twilight (The Twilight Saga, #1)",3.66,6805035,135584,1702516,974
The Reader,3.78,217533,13427,23943,975
"Oedipus Rex  (The Theban Plays, #1)",3.72,223216,6811,13884,976
"The Last Battle (Chronicles of Narnia, #7)",4.01,285642,11098,21300,977
Midnight in the Garden of Good and Evil,3.92,279593,13071,28892,978
"The Amber Spyglass (His Dark Materials, #3)",4.1,367688,13773,30888,979
The Velveteen Rabbit,4.31,262842,5133,72113,980
"Six of Crows (Six of Crows, #1)",4.48,1016985,109709,134969,981
The Great Gatsby,3.93,5429199,112279,1044385,982
Head Like a Hole,3.87,5076,726,14624,983
Verity,4.31,3060674,258996,15019,984
A Walk to Remember,4.2,820744,17363,112864,985
The Ocean at the End of the Lane,4.02,638165,61293,14550,986
"One Fish, Two Fish, Red Fish, Blue Fish",4.18,207689,3433,11355,987
"Crescendo (Hush, Hush, #2)",3.98,328568,13010,29520,988
The Silmarillion,4.02,306439,14081,72218,989
The Woman in the Window,3.95,817938,62039,9832,990
Extremely Loud & Incredibly Close,3.97,426582,26263,70286,991
Life of Pi,3.94,1665752,54623,543504,992
The Road,3.99,945203,63390,334938,993
"The Art of Avoiding Your Alpha (Wildwood, #2)",3.97,3564,158,8733,994
Turtles All the Way Down,3.88,597438,53808,9313,995
"Consequences (Consequences, #1)",3.92,42784,5906,13725,996
Cloud Atlas,4.01,254943,22496,33181,997
Green Eggs and Ham,4.31,797814,11791,558779,998
